date,avg_temperature_celsius,avg_precip_mm,avg_humidity,avg_wind_kph,observation_count
2024-05-16,23.7672,0.0144,61.6799,14.5098,378
2024-05-17,24.4516,0.0157,59.7637,13.9214,182
2024-05-18,25.3556,0.0148,58.5854,13.2049,205
2024-05-19,25.2701,0.0172,60.3608,13.5892,194
2024-05-20,25.4308,0.0135,59.6103,13.7508,195
2024-05-21,25.3831,0.0163,60.7795,14.5359,195
2024-05-22,25.1231,0.0165,60.8821,14.9969,195
2024-05-23,25.0662,0.0166,61.2872,13.9523,195
2024-05-24,25.0887,0.0157,59.6359,13.839,195
2024-05-25,25.2497,0.0161,59.841,13.8528,195
2024-05-26,25.2544,0.0138,59.4667,13.2195,195
2024-05-27,25.6605,0.0165,58.0,14.339,195
2024-05-28,25.5005,0.0153,58.9744,14.341,195
2024-05-29,25.5754,0.0143,58.559,13.859,195
2024-05-30,25.6708,0.0162,58.7897,14.2374,195
2024-05-31,25.8469,0.0155,58.9639,14.4392,194
2024-06-01,26.161,0.0135,58.1077,14.5882,195
2024-06-02,25.8913,0.0165,59.4718,13.9626,195
2024-06-03,26.1241,0.0148,58.4205,14.1764,195
2024-06-04,26.259,0.0149,57.8821,13.7303,195
2024-06-05,26.3733,0.0145,56.8872,13.5077,195
2024-06-06,26.5347,0.0118,56.5078,13.3145,193
2024-06-07,26.8795,0.0143,56.0718,13.1841,195
2024-06-08,26.5533,0.0143,58.8718,13.9221,195
2024-06-09,26.3154,0.0116,59.4,15.0528,195
2024-06-10,25.6744,0.0156,61.7744,14.539,195
2024-06-11,25.9703,0.0153,59.0872,14.3897,195
2024-06-12,26.0882,0.0134,58.6359,13.2569,195
2024-06-13,26.5051,0.013,57.5487,14.0672,195
2024-06-14,25.6231,0.0141,58.2769,13.3472,195
2024-06-15,25.4559,0.0145,59.1436,13.5677,195
2024-06-16,25.868,0.0118,58.9746,13.267,197
2024-06-17,26.5289,0.0152,57.9789,13.3926,190
2024-06-18,26.8598,0.0139,58.2698,13.2021,189
2024-06-19,27.0283,0.0123,57.2932,13.834,191
2024-06-20,26.6872,0.0123,58.5385,14.6364,195
2024-06-21,27.0138,0.0156,60.0798,14.9383,188
2024-06-22,26.8881,0.014,59.5078,15.0829,193
2024-06-23,26.7082,0.0141,59.8872,14.5287,195
2024-06-24,26.6104,0.0148,59.8385,13.5849,192
2024-06-25,25.9906,0.0148,58.2044,13.9077,181
2024-06-26,27.029,0.0131,59.6736,14.1938,193
2024-06-27,27.1728,0.0156,59.4205,14.3015,195
2024-06-28,26.9836,0.0137,59.6308,13.7856,195
2024-06-29,26.8338,0.0128,60.3687,14.0864,198
2024-06-30,26.9099,0.0131,59.8229,14.1917,192
2024-07-01,26.4631,0.015,60.5949,14.5549,195
2024-07-02,26.2626,0.0157,60.2564,14.299,195
2024-07-03,25.8344,0.0176,61.5128,13.8056,195
2024-07-04,25.9954,0.0143,61.0821,14.6559,195
2024-07-05,26.1955,0.0154,61.3838,13.6798,198
2024-07-06,26.8135,0.0115,58.8125,14.4625,192
2024-07-07,26.2928,0.0131,61.2154,13.9236,195
2024-07-08,26.5974,0.0147,60.5231,12.9154,195
2024-07-09,27.3374,0.0126,58.6566,12.6283,198
2024-07-10,27.4385,0.0131,59.1354,13.5297,192
2024-07-11,27.4203,0.0146,60.0609,13.464,197
2024-07-12,27.0712,0.0169,60.6806,14.2079,191
2024-07-13,26.6327,0.0159,60.7551,14.6136,147
2024-07-14,27.0376,0.0135,58.4845,14.1387,194
2024-07-15,26.9933,0.0129,59.4256,12.6672,195
2024-07-16,26.8904,0.0154,61.5909,13.7646,198
2024-07-17,27.3364,0.0146,59.8718,13.4795,195
2024-07-18,27.4795,0.0138,59.5128,13.2513,195
2024-07-19,27.6569,0.0135,60.1949,13.8959,195
2024-07-20,27.24,0.0142,61.1077,13.7559,195
2024-07-21,20.6,0.0167,76.0,12.6,6
2024-07-23,27.2256,0.0158,58.4878,14.2921,164
2024-07-24,26.6144,0.0144,58.1692,14.5133,195
2024-07-25,26.4908,0.0169,57.9641,14.2805,195
2024-07-26,26.3974,0.0151,58.8718,13.8215,195
2024-07-27,26.9015,0.0135,57.2256,12.7185,195
2024-07-28,26.7636,0.0121,56.8051,14.3144,195
2024-07-29,26.4289,0.0136,56.5876,15.2696,194
2024-07-30,26.6267,0.0105,56.6615,13.9005,195
2024-07-31,26.8215,0.0119,56.759,13.4672,195
2024-08-01,27.0185,0.0142,57.0,14.1113,195
2024-08-02,26.9708,0.0149,56.9333,14.2487,195
2024-08-03,26.5092,0.0151,58.4615,14.54,195
2024-08-04,26.3508,0.0156,58.6205,14.54,195
2024-08-05,26.3626,0.013,58.4974,13.8692,195
2024-08-06,26.5672,0.0123,57.6821,13.6415,195
2024-08-07,26.719,0.0137,57.0051,13.3246,195
2024-08-08,26.5477,0.0149,57.9949,13.4677,195
2024-08-09,26.7379,0.0153,58.3487,14.3431,195
2024-08-10,26.7831,0.0142,56.5897,14.6723,195
2024-08-11,27.0892,0.0118,56.0359,13.8805,195
2024-08-12,27.1185,0.0141,56.5744,13.7195,195
2024-08-13,27.1631,0.0155,56.5436,14.2626,195
2024-08-14,27.5785,0.0119,58.9436,14.1333,195
2024-08-15,27.54,0.0144,60.3949,13.799,195
2024-08-16,27.4359,0.0149,60.4462,13.9415,195
2024-08-17,27.24,0.0132,61.6821,13.5851,195
2024-08-18,26.7713,0.0128,62.2821,13.5513,195
2024-08-19,26.6359,0.0154,62.3026,13.6795,195
2024-08-20,26.4446,0.0147,62.6308,13.04,195
2024-08-21,26.5764,0.0156,61.1641,13.999,195
2024-08-22,26.2303,0.0152,62.6923,13.6487,195
2024-08-23,26.4585,0.0139,62.2667,13.8656,195
2024-08-24,26.6379,0.0134,61.8462,13.8333,195
2024-08-25,26.5615,0.0132,61.6821,14.2169,195
2024-08-26,26.8323,0.0136,59.7949,13.0774,195
2024-08-27,26.9923,0.0104,60.6974,13.1262,195
2024-08-28,26.9708,0.0114,60.4923,13.1328,195
2024-08-29,26.6872,0.0118,60.8,12.9241,195
2024-08-30,26.6487,0.015,61.4974,14.1226,195
2024-08-31,26.2272,0.0137,62.5179,14.0092,195
2024-09-01,26.4205,0.0145,61.2308,13.0462,195
2024-09-02,26.5041,0.0153,61.0,13.4538,195
2024-09-03,26.7655,0.0131,60.7371,13.3196,194
2024-09-04,26.5159,0.0146,61.1128,12.8297,195
2024-09-05,26.3964,0.0133,60.2872,13.6487,195
2024-09-06,26.2718,0.0132,60.9795,13.3944,195
2024-09-07,26.6856,0.011,59.7333,13.1179,195
2024-09-08,26.7641,0.0122,58.9949,13.8185,195
2024-09-09,25.6092,0.0148,63.1538,13.9662,195
2024-09-10,25.5846,0.0155,62.1795,15.0682,195
2024-09-11,25.5436,0.0159,61.8205,13.9436,195
2024-09-12,25.5149,0.0157,61.8769,13.8169,195
2024-09-13,25.061,0.0182,64.3026,14.3282,195
2024-09-14,24.9877,0.0137,61.8564,14.7862,195
2024-09-15,24.759,0.0144,61.841,13.9472,195
2024-09-16,24.722,0.0147,63.125,13.6435,200
2024-09-17,24.6308,0.0132,64.3949,12.8872,195
2024-09-18,24.597,0.0112,65.5279,11.9924,197
2024-09-19,24.9579,0.0127,64.0205,12.1303,195
2024-09-20,24.4777,0.0125,64.943,12.2016,193
2024-09-21,24.7031,0.0117,63.7333,12.2,195
2024-09-22,24.5208,0.0128,64.6041,11.7173,197
2024-09-23,24.2764,0.0128,66.0,11.539,195
2024-09-24,24.2903,0.0142,64.8821,11.9067,195
2024-09-25,24.2841,0.0136,66.6667,12.5795,195
2024-09-26,24.5103,0.016,67.0154,14.119,195
2024-09-27,24.3646,0.0161,66.5692,13.7795,195
2024-09-28,23.9164,0.0147,65.6667,12.9415,195
2024-09-29,23.3774,0.0131,65.0205,12.5995,195
2024-09-30,22.7267,0.0142,66.241,11.9497,195
2024-10-01,22.9805,0.0137,65.0821,12.8231,195
2024-10-02,22.8646,0.0143,67.4359,11.7708,195
2024-10-03,22.6631,0.015,67.6256,12.0872,195
2024-10-04,22.3021,0.0141,66.9179,11.7846,195
2024-10-05,22.5805,0.0126,66.7333,11.2056,195
2024-10-06,22.6005,0.0134,67.5692,11.3103,195
2024-10-07,23.1087,0.013,66.5026,11.2303,195
2024-10-08,23.418,0.0148,66.4845,12.7531,194
2024-10-09,23.3067,0.0152,67.4,12.88,195
2024-10-10,23.361,0.0159,66.3795,13.5897,195
2024-10-11,22.9113,0.0156,66.1795,11.4908,195
2024-10-12,22.599,0.0128,65.9744,11.9405,195
2024-10-13,22.4231,0.0131,66.3128,12.44,195
2024-10-14,22.4744,0.0115,66.6615,11.9097,195
2024-10-15,22.2451,0.013,68.4615,11.9221,195
2024-10-16,22.1687,0.0123,67.7692,11.701,195
2024-10-17,21.9595,0.0143,68.7487,12.3523,195
2024-10-18,22.1585,0.0136,67.1282,11.9005,195
2024-10-19,22.0138,0.0136,66.4051,12.3359,195
2024-10-20,22.1487,0.0145,65.4872,12.8656,195
2024-10-21,22.0723,0.0125,65.6256,13.1887,195
2024-10-22,22.1318,0.0118,65.9744,12.8,195
2024-10-23,21.8159,0.0131,67.4103,12.8267,195
2024-10-24,22.252,0.0121,63.8012,13.0754,171
2024-10-25,22.0149,0.0132,66.0974,12.9667,195
2024-10-26,21.7579,0.0153,66.4,12.7015,195
2024-10-27,21.8359,0.0098,66.9282,12.1287,195
2024-10-28,21.7256,0.0112,66.5487,12.5928,195
2024-10-29,21.5482,0.0107,65.9487,11.3374,195
2024-10-30,21.6097,0.0096,67.1128,10.6072,195
2024-10-31,21.6062,0.0114,67.5846,10.8138,195
2024-11-01,21.8748,0.0117,63.3926,12.5969,163
2024-11-02,21.4159,0.0107,65.8359,12.0313,195
2024-11-03,21.2308,0.011,64.6051,12.001,195
2024-11-04,20.7785,0.0125,64.6821,11.5821,195
2024-11-05,20.4538,0.0115,65.7949,11.7221,195
2024-11-06,20.4747,0.0108,65.6907,11.4144,194
2024-11-07,20.1518,0.0084,66.5282,11.941,195
2024-11-08,20.0467,0.0103,67.3436,11.6523,195
2024-11-09,20.1108,0.0104,66.1231,11.2497,195
2024-11-10,19.8128,0.0093,67.5026,10.859,195
2024-11-11,19.8328,0.0114,68.0256,11.0256,195
2024-11-12,19.4108,0.0125,69.1692,11.2815,195
2024-11-13,19.1949,0.0132,71.159,10.8867,195
2024-11-14,19.2749,0.0154,71.8308,11.6995,195
2024-11-15,19.1615,0.0119,70.8769,11.2559,195
2024-11-16,19.4092,0.0097,68.6103,11.8908,195
2024-11-17,19.2056,0.0124,67.5538,11.9503,195
2024-11-18,19.079,0.013,69.4462,12.2728,195
2024-11-19,19.08,0.0162,69.8923,11.9144,195
2024-11-20,19.3359,0.0168,69.6462,13.0262,195
2024-11-21,18.4359,0.0125,69.3385,13.0467,195
2024-11-22,18.6323,0.0154,68.041,12.9631,195
2024-11-23,18.3805,0.0117,66.8154,13.1082,195
2024-11-24,18.5108,0.0116,67.1744,13.5923,195
2024-11-25,18.7908,0.0114,68.2359,13.801,195
2024-11-26,18.8149,0.0135,68.8154,12.5918,195
2024-11-27,18.3467,0.014,71.2359,11.801,195
2024-11-28,18.8658,0.0123,67.4404,12.1492,193
2024-11-29,18.5721,0.0137,69.2843,11.7655,197
2024-11-30,18.5159,0.0123,67.0462,12.2903,195
2024-12-01,18.5686,0.0087,65.6186,13.216,194
2024-12-02,18.5684,0.0107,66.4745,12.8332,196
2024-12-03,18.4072,0.0127,66.7423,11.7985,194
2024-12-04,18.4934,0.0102,65.9031,12.549,196
2024-12-05,18.3379,0.0127,66.5333,13.379,195
2024-12-06,18.6056,0.0113,65.6359,13.101,195
2024-12-07,18.4128,0.0145,66.9179,13.6579,195
2024-12-08,18.0303,0.0138,67.5385,13.6328,195
2024-12-09,17.9892,0.0125,66.6443,12.5557,194
2024-12-10,18.2613,0.0109,67.1031,12.4784,194
2024-12-11,18.1305,0.0122,67.3401,12.832,197
2024-12-12,18.1454,0.0088,66.0464,12.5201,194
2024-12-13,17.8159,0.0093,65.6821,12.2267,195
2024-12-14,17.657,0.0122,66.513,13.2451,193
2024-12-15,17.7462,0.0113,67.2081,14.4208,197
2024-12-16,18.1933,0.0105,64.2462,14.1626,195
2024-12-17,18.5738,0.0098,63.8769,13.0482,195
2024-12-18,18.3291,0.0106,64.9133,13.5291,196
2024-12-19,18.0503,0.0137,64.0667,13.4949,195
2024-12-20,17.6692,0.0142,64.0718,14.2169,195
2024-12-21,17.1918,0.0135,64.6256,14.0169,195
2024-12-22,17.1185,0.0136,63.0821,14.2703,195
2024-12-23,17.2768,0.0134,63.1598,13.6964,194
2024-12-24,17.4184,0.0134,65.0051,12.5,196
2024-12-25,17.4015,0.013,66.4974,12.6451,195
2024-12-26,17.7754,0.0115,63.8513,12.4159,195
2024-12-27,17.62,0.0111,67.1641,11.9036,195
2024-12-28,17.6057,0.0101,66.6289,11.0026,194
2024-12-29,17.724,0.0098,66.7806,11.3602,196
2024-12-30,17.7969,0.0101,66.5282,11.8072,195
2024-12-31,17.5508,0.0108,66.7897,11.7221,195
2025-01-01,17.7138,0.0119,67.0462,13.0667,195
2025-01-02,17.5656,0.0114,65.5385,13.1554,195
2025-01-03,17.0928,0.0162,67.1077,13.4272,195
2025-01-04,16.8933,0.0118,65.8821,12.241,195
2025-01-05,17.1395,0.0148,67.1179,12.7113,195
2025-01-06,17.8397,0.0128,67.6907,14.1418,194
2025-01-07,17.3157,0.0133,63.8302,13.0025,159
2025-01-08,18.0969,0.0109,67.0,12.9026,195
2025-01-09,18.2072,0.0099,66.1282,12.7651,195
2025-01-10,17.7479,0.0109,67.2629,12.5433,194
2025-01-11,17.2714,0.0133,67.4286,13.0291,196
2025-01-12,16.7318,0.0119,67.8718,12.1646,195
2025-01-13,17.0277,0.0103,64.759,12.4892,195
2025-01-14,17.143,0.0101,64.7098,12.5249,193
2025-01-15,17.398,0.0105,66.6599,11.536,197
2025-01-16,17.3656,0.0086,67.6974,12.2944,195
2025-01-17,17.1892,0.009,67.7026,12.6128,195
2025-01-18,17.1082,0.0085,66.8505,12.7443,194
2025-01-19,16.9631,0.0098,68.5897,11.8026,195
2025-01-20,17.2503,0.0093,68.7692,11.6887,195
2025-01-21,17.4415,0.0098,67.7026,12.1605,195
2025-01-22,17.4728,0.0139,70.0923,12.1328,195
2025-01-23,17.7913,0.013,69.6821,13.3077,195
2025-01-24,18.1462,0.0116,68.1026,13.1862,195
2025-01-25,18.3918,0.0115,67.6923,12.8369,195
2025-01-26,18.2108,0.0119,67.1128,13.7697,195
2025-01-27,18.5272,0.0144,66.4974,14.1744,195
2025-01-28,18.4859,0.0129,66.911,14.4047,191
2025-01-29,18.5076,0.0143,66.9545,13.7955,198
2025-01-30,18.3287,0.0121,67.1436,13.1246,195
2025-01-31,18.4369,0.0128,66.8359,13.0144,195
2025-02-01,18.1744,0.0119,66.0308,12.5287,195
2025-02-02,17.8374,0.0101,65.7538,12.7031,195
2025-02-03,17.9313,0.0099,64.2308,12.9379,195
2025-02-04,17.7154,0.0094,63.5128,12.3856,195
2025-02-05,17.6862,0.0105,64.0923,13.8077,195
2025-02-06,17.6026,0.0104,64.9641,13.6918,195
2025-02-07,17.3221,0.0128,64.2359,15.2862,195
2025-02-08,17.3954,0.011,64.4667,13.8538,195
2025-02-09,17.2815,0.0127,66.5795,12.2805,195
2025-02-10,17.2667,0.0135,66.6359,12.6405,195
2025-02-11,17.5164,0.0145,66.7949,13.0103,195
2025-02-12,17.481,0.0152,67.3385,13.1128,195
2025-02-13,17.7723,0.0146,68.359,13.119,195
2025-02-14,17.6036,0.0129,69.3538,12.8703,195
2025-02-15,17.6278,0.0138,66.0309,13.1211,194
2025-02-16,17.2626,0.0118,67.4462,12.0631,195
2025-02-17,17.549,0.0138,67.5876,12.5887,194
2025-02-18,17.5021,0.0139,65.4256,12.7851,195
2025-02-19,17.5395,0.0104,65.0256,13.0087,195
2025-02-20,17.4646,0.0127,68.641,13.3097,195
2025-02-21,17.9062,0.0122,65.9333,14.2662,195
2025-02-22,17.9641,0.0142,64.6667,13.94,195
2025-02-23,17.9774,0.0122,64.2718,13.3108,195
2025-02-24,17.7631,0.0124,65.6974,13.5841,195
2025-02-25,17.8345,0.0131,67.9227,13.9005,194
2025-02-26,17.8831,0.0139,66.3436,12.9056,195
2025-02-27,18.2851,0.0123,66.0974,12.32,195
2025-02-28,18.5672,0.0123,67.4923,12.0544,195
2025-03-01,18.4579,0.0141,68.3231,12.3082,195
2025-03-02,18.5462,0.0119,67.6923,13.2964,195
2025-03-03,18.6779,0.0124,63.9846,13.0385,195
2025-03-04,18.7754,0.0109,64.1231,13.2456,195
2025-03-05,19.6356,0.0121,63.4742,13.6804,194
2025-03-06,20.1421,0.0089,62.7436,13.6969,195
2025-03-07,20.0123,0.0116,62.8359,12.8031,195
2025-03-08,20.0582,0.0111,63.5722,12.6052,194
2025-03-09,20.0636,0.0112,62.759,11.8277,195
2025-03-10,20.4421,0.0121,64.4872,12.0462,195
2025-03-11,20.2749,0.0123,67.4667,12.7241,195
2025-03-12,20.2272,0.0149,67.6,13.2472,195
2025-03-13,20.5093,0.0158,64.7772,13.4326,193
2025-03-14,20.3682,0.0121,64.0256,13.0974,195
2025-03-15,20.38,0.0134,64.7744,12.6128,195
2025-03-16,20.3292,0.013,62.7333,12.961,195
2025-03-17,19.9928,0.0125,61.5487,13.1041,195
2025-03-18,19.6708,0.0135,59.841,13.7831,195
2025-03-19,19.5733,0.0119,61.1385,13.7292,195
2025-03-20,20.0544,0.013,61.7641,13.1851,195
2025-03-21,20.3159,0.0117,62.4872,13.7826,195
2025-03-22,20.4872,0.0136,62.2923,13.8436,195
2025-03-23,20.5923,0.0134,63.4513,14.3513,195
2025-03-24,20.5492,0.0137,66.1744,13.3026,195
2025-03-25,20.6267,0.0137,66.959,12.8041,195
2025-03-26,20.7523,0.015,66.7179,11.78,195
2025-03-27,20.8641,0.0136,65.1949,12.9056,195
2025-03-28,20.8082,0.0147,65.2462,13.5605,195
2025-03-29,20.7846,0.015,64.3487,13.3523,195
2025-03-30,21.0841,0.0138,62.9231,13.9231,195
2025-03-31,21.1369,0.016,63.0154,13.5472,195
2025-04-01,21.2841,0.0138,62.3846,14.6431,195
2025-04-02,21.3579,0.0116,62.8513,13.7913,195
2025-04-03,21.6713,0.0117,61.7949,13.2564,195
2025-04-04,22.0682,0.0146,60.0051,13.6892,195
2025-04-05,20.819,0.0168,64.041,13.9897,195
2025-04-06,20.4564,0.0146,61.6615,13.9359,195
2025-04-07,21.0446,0.0132,59.2308,13.2862,195
2025-04-08,21.3851,0.0138,60.1692,12.4308,195
2025-04-09,21.6103,0.0123,60.7487,13.4205,195
2025-04-10,21.1338,0.0153,63.1026,14.0995,195
2025-04-11,21.1067,0.0143,62.6564,14.2374,195
2025-04-12,21.1456,0.0143,63.9846,13.1882,195
2025-04-13,21.0831,0.013,64.8103,13.761,195
2025-04-14,22.2041,0.0135,63.3128,13.3195,195
2025-04-15,21.9728,0.0167,65.6615,14.3872,195
2025-04-16,21.7277,0.0142,64.7795,13.9436,195
2025-04-17,22.2564,0.0119,63.4462,13.9462,195
2025-04-18,22.2533,0.0153,65.2974,13.1985,195
2025-04-19,21.8174,0.0131,64.9744,12.9774,195
2025-04-20,22.181,0.0119,64.5333,12.0867,195
2025-04-21,23.0215,0.0146,62.7179,11.7103,195
2025-04-22,23.7072,0.0143,61.5179,12.1569,195
2025-04-23,23.0385,0.0138,64.3436,12.5215,195
2025-04-24,22.6887,0.0145,64.8,13.2528,195
2025-04-25,22.4954,0.0138,65.0308,12.6831,195
2025-04-26,22.5749,0.0136,63.8974,13.2421,195
2025-04-27,22.3872,0.0105,62.7487,12.4487,195
2025-04-28,23.3359,0.0127,60.0923,12.8236,195
2025-04-29,22.5585,0.0117,62.9795,12.0503,195
2025-04-30,22.7128,0.0122,63.2462,11.9513,195
2025-05-01,23.1754,0.0109,63.5692,11.7215,195
2025-05-02,23.3103,0.0129,62.6462,12.7472,195
2025-05-03,23.4641,0.0127,62.0154,12.1862,195
2025-05-04,22.5641,0.0171,65.2154,12.7938,195
2025-05-05,22.4629,0.0158,65.5052,12.8552,194
2025-05-06,22.5585,0.0151,64.2667,13.2815,195
2025-05-07,22.5887,0.0144,63.3744,13.0564,195
2025-05-08,22.5682,0.0136,63.8667,12.6764,195
2025-05-09,23.1518,0.0147,61.2103,12.8836,195
2025-05-10,23.1431,0.0156,62.9385,12.3692,195
2025-05-11,23.1159,0.0127,62.2154,12.1451,195
2025-05-12,23.3251,0.0141,62.2974,13.1282,195
2025-05-13,23.7723,0.0157,60.4256,13.3082,195
2025-05-14,23.3697,0.0138,62.7282,13.1087,195
2025-05-15,22.8395,0.0159,65.0051,14.2072,195
2025-05-16,22.8251,0.0156,64.0308,14.1933,195
2025-05-17,23.1737,0.0156,64.201,14.3351,194
2025-05-18,23.0056,0.0158,65.5128,13.9969,195
2025-05-19,23.4374,0.0159,64.3026,13.6467,195
2025-05-20,23.9149,0.0122,63.7077,13.3774,195
2025-05-21,23.9324,0.0133,62.6704,13.2196,179
2025-05-22,23.9031,0.0144,63.7641,12.9487,195
2025-05-23,23.1887,0.0151,65.2205,13.8769,195
2025-05-24,23.0492,0.0153,65.1538,12.7467,195
2025-05-25,23.2677,0.0167,64.8872,13.1313,195
2025-05-26,23.8272,0.0165,64.8051,14.0379,195
2025-05-27,23.8626,0.015,64.2769,13.7774,195
2025-05-28,23.9738,0.0153,63.3897,13.4046,195
2025-05-29,23.7995,0.0152,64.4821,14.2682,195
2025-05-30,23.721,0.0142,63.6923,13.9021,195
2025-05-31,24.2779,0.0139,62.8462,13.0446,195
2025-06-01,24.3251,0.0111,62.6513,13.1795,195
2025-06-02,24.5072,0.0108,62.2256,13.6749,195
2025-06-03,24.3949,0.0117,61.9128,14.5359,195
2025-06-04,24.2851,0.0138,63.6289,14.1954,194
2025-06-05,24.5918,0.0148,63.3538,13.1256,195
2025-06-06,24.6236,0.014,63.7385,13.0641,195
2025-06-07,24.7,0.0136,63.8154,12.4492,195
2025-06-08,24.7826,0.0145,62.2462,13.7892,195
2025-06-09,24.3492,0.0149,63.2974,14.2815,195
2025-06-10,24.4928,0.0151,62.6872,14.3641,195
2025-06-11,24.6479,0.0116,63.0206,13.4918,194
2025-06-12,24.7662,0.0132,63.2154,13.3769,195
2025-06-13,25.0851,0.0121,62.7282,13.1246,195
2025-06-14,25.2284,0.0122,62.4845,13.5866,194
2025-06-15,25.081,0.0111,62.7641,13.1046,195
2025-06-16,24.9831,0.014,63.8615,13.4421,195
2025-06-17,25.0323,0.0125,64.4667,13.6595,195
2025-06-18,25.4774,0.013,63.4,13.3908,195
2025-06-19,25.4097,0.0136,62.7128,13.7195,195
2025-06-20,24.9933,0.0111,62.0564,13.9046,195
2025-06-21,25.1097,0.0119,60.2667,13.0579,195
2025-06-22,25.1314,0.0137,61.5825,13.3732,194
2025-06-23,24.9795,0.0139,63.8308,13.9067,195
2025-06-24,25.1436,0.0128,62.241,14.6913,195
2025-06-25,25.3805,0.0148,62.6,14.5513,195
2025-06-26,25.4354,0.0145,63.4051,13.8005,195
2025-06-27,25.3282,0.0134,64.3231,12.6826,195
2025-06-28,25.2872,0.0127,65.1231,13.4159,195
2025-06-29,25.4385,0.0116,63.7231,14.0954,195
2025-06-30,25.6779,0.0129,62.0821,15.0087,195
2025-07-01,25.7231,0.0121,61.4872,14.0954,195
2025-07-02,25.4503,0.013,63.1795,13.92,195
2025-07-03,25.2913,0.0133,64.2615,13.5415,195
2025-07-04,25.1949,0.0125,63.0103,14.1769,195
2025-07-05,25.1944,0.0137,63.0462,12.9959,195
2025-07-06,25.9913,0.0147,61.9641,13.2313,195
2025-07-07,25.1186,0.0158,65.5206,13.0557,194
2025-07-08,24.6292,0.0173,66.6667,13.9764,195
2025-07-09,24.5426,0.0157,65.0359,14.1297,195
2025-07-10,24.6164,0.0157,64.0769,14.079,195
2025-07-11,24.7631,0.0139,64.6564,13.8251,195
2025-07-12,24.9359,0.0129,64.3949,12.7062,195
2025-07-13,25.4492,0.0146,64.8205,12.3836,195
2025-07-14,25.6021,0.0143,65.2051,12.4323,195
2025-07-15,25.3701,0.0155,66.1031,13.35,194
2025-07-16,25.4785,0.0144,64.6821,12.8759,195
2025-07-17,25.2769,0.015,65.4769,13.1179,195
2025-07-18,25.4728,0.0122,64.0051,12.5077,195
2025-07-19,25.3826,0.0122,65.6359,13.3169,195
2025-07-20,25.5564,0.0129,65.9385,13.54,195
2025-07-21,25.6744,0.0137,65.9949,13.2728,195
2025-07-22,25.4503,0.0168,66.9949,12.9277,195
2025-07-23,25.6523,0.0117,65.5744,13.6282,195
2025-07-24,25.8492,0.0119,64.6205,13.86,195
2025-07-25,25.8595,0.0121,63.7179,13.4323,195
2025-07-26,25.7031,0.0144,65.8872,12.7744,195
2025-07-27,25.3897,0.0149,66.9231,12.8703,195
2025-07-28,24.8836,0.0163,68.3077,13.7897,195
2025-07-29,24.9308,0.0172,66.8923,14.2123,195
2025-07-30,24.66,0.0156,66.2718,12.9385,195
2025-07-31,25.0036,0.0137,65.0103,13.8412,194
2025-08-01,24.6503,0.0151,66.8359,13.7128,195
2025-08-02,24.8308,0.0172,66.9436,13.58,195
2025-08-03,24.8436,0.0131,66.0974,13.4072,195
2025-08-04,24.8062,0.0148,66.4718,12.7533,195
2025-08-05,24.8518,0.0137,64.8974,12.9041,195
2025-08-06,24.6364,0.0126,65.7026,13.2595,195
2025-08-07,24.8595,0.0119,65.0154,11.9672,195
2025-08-08,25.0903,0.0115,65.4,12.0287,195
2025-08-09,25.2046,0.0119,65.8,11.8682,195
2025-08-10,25.3631,0.0112,65.3282,11.619,195
2025-08-11,25.3774,0.0102,64.4923,11.9554,195
2025-08-12,25.52,0.011,63.0667,12.0492,195
2025-08-13,25.7179,0.0118,63.2103,11.9297,195
2025-08-14,25.6292,0.0122,64.6821,11.8877,195
2025-08-15,25.2933,0.0127,65.1692,12.0487,195
2025-08-16,25.1174,0.0128,65.8462,12.8169,195
2025-08-17,24.6749,0.0134,65.8615,12.9262,195
2025-08-18,24.2456,0.013,69.2769,12.959,195
2025-08-19,24.4292,0.0119,67.3385,12.6779,195
2025-08-20,25.2928,0.0141,64.8,13.5887,195
2025-08-21,24.0431,0.0148,68.0718,12.6436,195
2025-08-22,23.9672,0.0145,67.9897,11.4313,195
2025-08-23,23.9918,0.0131,65.7732,12.1443,194
2025-08-24,23.7528,0.0125,66.3538,12.6938,195
2025-08-25,23.8077,0.0131,66.7282,12.6646,195
2025-08-26,24.121,0.0125,66.441,13.0292,195
2025-08-27,23.999,0.0131,68.2154,12.9851,195
2025-08-28,24.8,0.0132,66.1385,12.9795,195
2025-08-29,24.3205,0.0144,67.5744,13.3118,195
2025-08-30,24.5046,0.0143,67.8205,12.2318,195
2025-08-31,24.1149,0.0132,68.7077,12.7605,195
2025-09-01,24.2149,0.0118,68.1795,13.4836,195
2025-09-02,24.1195,0.0129,68.5077,12.8641,195
2025-09-03,24.3277,0.0117,67.4872,12.7723,195
2025-09-04,24.3236,0.0114,68.1641,12.54,195
2025-09-05,24.1595,0.0114,69.0769,12.4297,195
2025-09-06,24.0169,0.0112,68.359,11.5672,195
2025-09-07,23.9056,0.0117,68.8462,11.2041,195
2025-09-08,24.2944,0.0117,67.6051,11.5103,195
2025-09-09,24.2687,0.0138,67.641,11.521,195
2025-09-10,24.2631,0.013,68.5179,12.5364,195
2025-09-11,23.8179,0.016,70.0051,13.0067,195
2025-09-12,23.6026,0.0129,69.4227,12.266,194
2025-09-13,23.4677,0.0143,69.9077,11.7887,195
2025-09-14,23.4251,0.0134,70.7538,11.8764,195
2025-09-15,23.7826,0.0136,68.2923,12.9046,195
2025-09-16,23.4672,0.0156,68.8,12.5021,195
2025-09-17,23.0256,0.0156,69.8103,11.9072,195
2025-09-18,23.4631,0.0151,68.6615,12.2785,195
2025-09-19,23.4923,0.0132,68.2256,12.1477,195
2025-09-20,23.5077,0.0112,69.9641,12.3036,195
2025-09-21,23.6046,0.0125,68.2,12.5108,195
2025-09-22,22.8379,0.012,69.5385,13.2959,195
2025-09-23,22.6287,0.0132,67.9231,12.341,195
2025-09-24,22.4567,0.0111,69.1701,12.9845,194
2025-09-25,21.9682,0.0108,70.0205,12.3415,195
2025-09-26,22.4918,0.0102,69.2103,11.6108,195
2025-09-27,22.2841,0.0133,71.041,11.1892,195
2025-09-28,22.3133,0.0144,70.3487,12.1549,195
2025-09-29,21.9113,0.0136,70.8513,11.7908,195
2025-09-30,21.7108,0.0129,71.2113,11.9082,194
2025-10-01,21.0974,0.0141,71.5846,11.4328,195
2025-10-02,20.3056,0.0145,72.5969,11.4332,196
2025-10-03,19.8841,0.0125,72.9077,10.6503,195
2025-10-04,20.2497,0.0121,74.0205,12.0549,195
2025-10-05,20.6785,0.0157,73.6513,12.319,195
2025-10-06,20.3299,0.0129,73.4588,11.967,194
2025-10-07,21.4677,0.0128,69.2,10.5718,195
2025-10-08,21.4933,0.0141,70.2974,11.461,195
2025-10-09,21.5241,0.0133,71.0205,11.5641,195
2025-10-10,21.5436,0.0132,71.7949,12.6523,195
2025-10-11,21.7877,0.013,69.9487,12.2974,195
2025-10-12,21.5159,0.0132,69.8718,11.8713,195
2025-10-13,21.1667,0.0147,70.3333,11.8979,195
2025-10-14,21.4662,0.0117,69.3949,10.819,195
2025-10-15,20.9805,0.0117,70.8462,10.4882,195
2025-10-16,21.2923,0.0105,69.4154,11.0456,195
2025-10-17,21.1149,0.0104,70.3231,11.1754,195
2025-10-18,20.8379,0.0129,70.959,10.9072,195
2025-10-19,19.9995,0.0119,71.3744,11.5169,195
2025-10-20,20.3552,0.0145,70.6186,12.4964,194
2025-10-21,20.5759,0.0117,70.2513,13.0277,195
2025-10-22,21.0072,0.0117,71.241,11.9369,195
2025-10-23,21.5046,0.013,69.8718,13.4036,195
2025-10-24,21.4831,0.0125,69.041,13.3595,195
2025-10-25,21.1641,0.013,69.159,12.0574,195
2025-10-26,20.7174,0.0132,70.6718,12.1749,195
2025-10-27,20.6292,0.0147,70.1692,13.5949,195
2025-10-28,20.3564,0.0151,71.5487,13.1959,195
2025-10-29,20.2579,0.0119,72.2615,11.3364,195
2025-10-30,20.3656,0.0147,72.241,11.5395,195
2025-10-31,20.1574,0.0128,72.2051,11.3262,195
2025-11-01,20.4831,0.0131,71.6308,11.5944,195
2025-11-02,20.2697,0.0123,71.4308,11.5477,195
2025-11-03,20.1364,0.0141,71.8,12.5026,195
2025-11-04,19.6821,0.0123,71.5128,11.6482,195
2025-11-05,19.7779,0.0115,70.9179,11.2877,195
2025-11-06,19.6041,0.0096,70.9231,11.5559,195
2025-11-07,19.4574,0.0142,73.2769,11.0728,195
2025-11-08,19.3046,0.0124,73.6224,10.7821,196
2025-11-09,19.0641,0.0094,73.7949,10.8477,195
2025-11-10,19.0436,0.0149,72.7538,10.4969,195
2025-11-11,18.7215,0.0139,73.3436,10.8328,195
2025-11-12,18.7544,0.0093,73.5436,10.7964,195
2025-11-13,19.0379,0.0106,71.6615,10.8385,195
2025-11-14,18.6159,0.0126,72.759,11.6456,195
2025-11-15,18.4144,0.0128,73.5026,11.8113,195
2025-11-16,18.3246,0.0112,74.4564,10.7949,195
2025-11-17,18.1097,0.0156,74.9949,10.4549,195
2025-11-18,17.9421,0.0138,73.2154,11.5897,195
2025-11-19,17.359,0.015,73.8205,11.3692,195
2025-11-20,17.401,0.0138,73.8667,11.8097,195
2025-11-21,17.6405,0.0149,72.2718,11.4,195
2025-11-22,17.539,0.0109,71.9641,11.5882,195
2025-11-23,17.101,0.0134,72.2718,11.8662,195
2025-11-24,17.5723,0.0137,71.4256,11.6118,195
2025-11-25,17.6636,0.0155,72.5077,12.1672,195
2025-11-26,17.5338,0.014,71.6821,11.5015,195
2025-11-27,17.5292,0.0126,70.8615,12.481,195
2025-11-28,17.3523,0.0126,71.241,12.1133,195
2025-11-29,17.1821,0.0116,71.9333,11.6554,195
2025-11-30,16.9785,0.0112,73.5692,11.0954,195
2025-12-01,17.239,0.0111,72.8154,10.9241,195
2025-12-02,17.1554,0.0093,73.9231,10.6046,195
2025-12-03,17.0831,0.011,73.7795,10.9436,195
2025-12-04,17.1262,0.0135,75.0872,11.6123,195
2025-12-05,17.539,0.0127,73.8,11.4405,195
2025-12-06,17.64,0.0144,73.9538,11.7677,195
2025-12-07,17.6744,0.0151,74.8205,12.3985,195
2025-12-08,17.5497,0.012,75.841,12.6097,195
2025-12-09,17.6364,0.0111,74.3436,12.1713,195
2025-12-10,17.3513,0.0138,76.7179,11.1826,195
2025-12-11,16.8087,0.0135,77.4359,11.7103,195
2025-12-12,16.9195,0.0106,75.9436,11.1544,195
2025-12-13,16.6221,0.0133,76.7846,10.781,195
2025-12-14,16.5682,0.0108,75.5897,12.6072,195
2025-12-15,16.3841,0.0127,76.6359,12.1774,195
2025-12-16,16.3949,0.0137,76.0359,12.1108,195
2025-12-17,16.1815,0.0123,76.6769,11.98,195
2025-12-18,16.1467,0.0147,77.5282,11.9041,195
2025-12-19,16.2692,0.0134,77.7026,12.4313,195
2025-12-20,16.0554,0.0134,77.5795,11.4297,195
2025-12-21,16.1046,0.0145,77.9949,11.5092,195
2025-12-22,16.2451,0.013,76.2974,11.4308,195
2025-12-23,16.3523,0.0144,75.7487,11.0,195
2025-12-24,16.2882,0.0161,75.0923,12.0959,195
2025-12-25,15.9215,0.0135,74.6308,12.5395,195
2025-12-26,15.5862,0.0109,74.7897,11.5067,195
2025-12-27,15.5723,0.0111,76.0667,11.8508,195
2025-12-28,15.9272,0.0135,73.4615,12.9723,195
2025-12-29,15.7041,0.0119,73.7538,11.8282,195
2025-12-30,15.4318,0.0118,74.8923,12.8856,195
2025-12-31,15.1872,0.0115,71.7385,13.2128,195
2026-01-01,15.2133,0.0117,72.3949,12.2841,195
2026-01-02,15.2554,0.0142,72.6974,12.7656,195
2026-01-03,15.5605,0.013,73.5897,12.2041,195
2026-01-04,15.3949,0.0131,74.2974,12.6005,195
2026-01-05,15.1662,0.0126,74.7641,11.4667,195
2026-01-06,15.3046,0.0129,73.9795,11.3744,195
2026-01-07,15.5077,0.012,73.5949,11.7277,195
2026-01-08,15.3395,0.0125,71.9128,12.4185,195
2026-01-09,15.9067,0.0146,71.3744,13.7779,195
2026-01-10,15.9,0.0151,72.5128,13.7549,195
2026-01-11,15.0456,0.0134,72.4615,13.1862,195
2026-01-12,15.4021,0.0132,72.866,12.5021,194
2026-01-13,15.8503,0.0126,72.9282,12.2682,195
2026-01-14,15.979,0.0133,74.3846,11.6938,195
2026-01-15,15.8221,0.0111,76.4154,11.9513,195
2026-01-16,15.5964,0.0125,75.4564,12.0836,195
2026-01-17,15.3526,0.0129,75.4639,12.3531,194
2026-01-18,15.464,0.0127,74.5,12.307,186
2026-01-19,3.9,0.0,99.0,3.6,1
2026-01-20,15.199,0.0109,74.4742,12.2098,194
2026-01-21,14.9246,0.0128,72.4308,13.4595,195
2026-01-22,15.1108,0.0124,73.0513,12.8292,195
2026-01-23,15.4031,0.0135,72.9641,11.9985,195
2026-01-24,15.7908,0.0118,72.7641,11.7892,195
2026-01-25,15.9769,0.0107,73.8205,12.6651,195
2026-01-26,15.9713,0.0135,73.559,12.58,195
2026-01-27,15.9226,0.0119,73.6872,12.7692,195
2026-01-28,15.9769,0.0122,74.2564,12.2846,195
2026-01-29,16.0436,0.0147,74.6718,11.7703,195
2026-01-30,16.2856,0.0132,74.0308,12.0338,195
2026-01-31,16.3164,0.0131,73.9641,11.9333,195
2026-02-01,16.1277,0.0144,73.6769,12.32,195
2026-02-02,15.8979,0.013,73.0769,11.7077,195
2026-02-03,15.851,0.0135,74.1959,13.317,194
2026-02-04,16.4692,0.011,73.6718,12.221,195
2026-02-05,16.5082,0.0125,73.2,12.5923,195
2026-02-06,16.3451,0.0142,73.6154,12.2836,195
2026-02-07,16.4405,0.0128,75.2769,11.3949,195
2026-02-08,16.1964,0.0107,74.8103,10.7564,195
2026-02-09,16.6175,0.0097,74.0,11.7727,194
2026-02-10,16.8235,0.0145,74.7449,12.0393,196
2026-02-11,16.8646,0.0159,75.1436,12.0769,195
2026-02-12,17.1242,0.0149,74.5206,12.068,194
2026-02-13,17.3713,0.0119,73.9128,12.381,195
2026-02-14,17.0383,0.0132,72.7857,12.9031,196
2026-02-15,16.6082,0.0135,72.1692,12.4344,195
2026-02-16,16.7697,0.0117,71.4667,12.6759,195
2026-02-17,16.8897,0.0118,71.759,12.1292,195
2026-02-18,16.7313,0.0084,70.3897,12.2579,195
2026-02-19,16.8646,0.0117,70.9026,11.8246,195
2026-02-20,17.1995,0.0091,69.7487,11.8979,195
2026-02-21,16.6959,0.0128,72.9179,11.9513,195
2026-02-22,16.9728,0.0143,72.559,12.1805,195
2026-02-23,16.8938,0.0124,72.2,12.1364,195
2026-02-24,16.9015,0.012,72.8564,11.2364,195
2026-02-25,16.6569,0.0093,73.1077,11.1646,195
2026-02-26,16.5374,0.0125,72.9487,12.2005,195
2026-02-27,16.3728,0.0095,73.0051,11.5533,195
2026-02-28,16.5236,0.0112,73.2615,11.7056,195
2026-03-01,16.4364,0.0106,73.5692,11.1338,195
2026-03-02,16.4595,0.0108,74.2462,11.499,195
2026-03-03,16.4985,0.0091,75.1179,12.0528,195
2026-03-04,16.8246,0.011,73.8923,12.0872,195
2026-03-05,16.9651,0.0122,73.041,11.56,195
2026-03-06,16.7949,0.0107,73.1949,11.7487,195
2026-03-07,16.9701,0.0116,72.7474,11.7753,194
2026-03-08,16.2526,0.0098,73.0614,11.7439,114
2026-03-09,17.4908,0.0106,72.8776,10.8276,98
2026-03-10,16.7684,0.0126,71.852,12.8327,196
2026-03-11,17.1174,0.0107,71.4769,12.3518,195
2026-03-12,17.2251,0.0129,72.6103,11.5677,195
2026-03-13,17.0205,0.0116,73.5436,11.7133,195
2026-03-14,17.52,0.0121,72.4667,11.8395,195
2026-03-15,17.3662,0.0142,73.5385,12.3451,195
2026-03-16,17.3908,0.0125,72.8974,12.4503,195
2026-03-17,17.7108,0.0124,72.6256,11.2836,195
2026-03-18,17.7385,0.0137,72.5282,12.2087,195
2026-03-19,17.4938,0.0141,72.8564,11.6169,195
2026-03-20,17.061,0.0114,74.3333,11.4251,195
2026-03-21,17.4759,0.013,73.3077,11.3872,195
2026-03-22,17.4867,0.0129,73.2974,11.2559,195
2026-03-23,17.6097,0.0111,74.9128,10.0205,195
2026-03-24,17.7262,0.0109,73.8462,10.4308,195
2026-03-25,17.9821,0.0125,72.959,12.6221,195
2026-03-26,18.0195,0.0145,74.2718,12.701,195
2026-03-27,17.8877,0.0138,72.9846,13.1697,195
2026-03-28,17.7605,0.0146,72.7385,12.0436,195
2026-03-29,17.739,0.0149,74.1179,11.7021,195
2026-03-30,18.2333,0.0143,72.7897,12.2779,195
2026-03-31,18.4923,0.014,72.8564,11.5862,195
2026-04-01,18.4359,0.0117,71.8359,12.079,195
2026-04-02,18.7292,0.0145,71.2154,12.3354,195
2026-04-03,18.6923,0.0135,71.8205,12.2523,195
2026-04-04,18.7508,0.0155,72.1641,12.0,195
2026-04-05,18.7846,0.0114,71.1538,12.6067,195
2026-04-06,19.1113,0.0101,69.9333,12.561,195
2026-04-07,18.8862,0.0138,70.4,12.5928,195
2026-04-08,18.5574,0.013,70.6974,12.8954,195
2026-04-09,18.2221,0.0119,72.2564,11.9513,195
2026-04-10,18.5123,0.0086,70.2359,11.5323,195
2026-04-11,18.9687,0.0075,69.359,11.5846,195
2026-04-12,19.3505,0.0117,69.8454,11.5639,194
2026-04-13,19.6882,0.0121,68.6769,11.5395,195
2026-04-14,19.7173,0.0124,67.551,12.5168,196
2026-04-15,19.9241,0.0108,69.9333,11.3826,195
2026-04-16,19.9113,0.0123,71.3333,10.6441,195
2026-04-17,20.0846,0.0106,70.4308,11.1349,195
2026-04-18,20.2595,0.0093,69.6667,11.3759,195
2026-04-19,20.001,0.0112,70.7128,10.8754,195
2026-04-20,19.8769,0.0105,69.5282,11.9241,195
2026-04-21,19.6672,0.0121,70.3641,11.4,195
2026-04-22,19.7236,0.0112,70.3487,11.1769,195
2026-04-23,19.3477,0.0128,68.9897,12.1236,195
2026-04-24,20.0595,0.0126,67.7641,11.2605,195
2026-04-25,20.1672,0.0074,70.0256,11.1903,195
2026-04-26,20.3882,0.0099,69.359,12.14,195
2026-04-27,20.3544,0.0099,68.0359,11.4964,195
2026-04-28,20.0159,0.0097,69.1487,11.4359,195
2026-04-29,20.0097,0.0127,68.0,12.0564,195
2026-04-30,19.5877,0.0127,69.6564,11.4236,195
2026-05-01,20.0667,0.0099,67.8513,11.0523,195
2026-05-02,20.6621,0.0106,67.3692,11.0026,195
2026-05-03,21.0272,0.0149,68.0103,11.2154,195
2026-05-04,20.6964,0.0114,69.4256,11.7277,195
2026-05-05,21.0769,0.0132,68.8872,11.4764,195
2026-05-06,20.6897,0.0114,70.5436,11.7323,195
2026-05-07,20.8569,0.0109,69.4051,10.9708,195
2026-05-08,20.9908,0.0086,68.1077,11.2421,195
2026-05-09,20.7949,0.0122,69.4974,11.6133,195
2026-05-10,20.9708,0.0141,69.5077,12.1062,195
2026-05-11,21.1615,0.0128,69.041,11.2062,195
2026-05-12,21.3297,0.0148,67.9744,12.4836,195
2026-05-13,20.3954,0.0131,70.3795,12.0954,195
2026-05-14,21.0759,0.0143,67.9641,12.2754,195
2026-05-15,21.0718,0.0132,69.4974,12.4615,195
2026-05-16,20.6585,0.0164,70.8564,12.459,195
2026-05-17,20.96,0.0141,70.3026,13.4892,195
2026-05-18,20.7482,0.0118,70.5949,12.7021,195
2026-05-19,21.3979,0.0112,70.0051,12.2754,195
2026-05-20,21.34,0.0117,67.6615,12.7451,195
2026-05-21,21.4128,0.0129,68.1179,13.2933,195
2026-05-22,21.7026,0.0125,70.1487,11.2908,195
2026-05-23,22.1221,0.0098,69.8,11.1974,195
2026-05-24,22.5881,0.012,69.4278,11.6139,194
2026-05-25,22.5672,0.0122,69.5795,11.8867,195
2026-05-26,22.6605,0.0106,68.8359,11.2128,195
2026-05-27,23.0785,0.0109,67.0256,11.8497,195
2026-05-28,22.2856,0.0104,69.3436,12.1144,195
2026-05-29,22.6718,0.0101,66.1846,11.8662,195
2026-05-30,22.5036,0.0091,67.2769,11.5569,195
2026-05-31,22.4995,0.0096,65.0154,11.2626,195
2026-06-01,22.4703,0.0127,66.2872,10.7944,195
2026-06-02,22.7795,0.0126,65.6769,11.5431,195
2026-06-03,22.4851,0.0142,66.4794,11.5469,194
2026-06-04,22.4321,0.0142,69.6359,12.3745,184
2026-06-05,22.2733,0.0126,71.0667,12.0913,195
2026-06-06,22.3831,0.0126,70.9641,10.8882,195
2026-06-07,22.4938,0.0116,70.6103,11.7036,195
2026-06-08,22.9359,0.0116,69.8718,10.9374,195
2026-06-09,22.6826,0.0129,70.3385,11.0897,195
2026-06-10,22.6441,0.012,70.0256,10.8333,195
2026-06-11,22.5108,0.0135,70.4513,11.6903,195
2026-06-12,22.3133,0.0131,71.2359,12.5856,195
2026-06-13,22.4528,0.0113,69.3692,12.2744,195
2026-06-14,22.5164,0.0138,70.3436,12.1041,195
2026-06-15,22.2692,0.013,71.2462,12.0241,195
2026-06-16,22.4538,0.0116,70.6256,11.4554,195
2026-06-17,22.7727,0.0093,70.6717,11.5167,198
2026-06-18,22.8708,0.011,71.2917,10.8781,192
2026-06-19,23.4256,0.0099,69.5729,10.8452,199
2026-06-20,23.3073,0.0118,69.9738,11.7644,191
2026-06-21,23.6513,0.0123,68.5128,11.5708,195
2026-06-22,23.4749,0.0111,69.0103,11.8903,195
2026-06-23,23.4641,0.0116,68.7282,11.8195,195
2026-06-24,23.3416,0.011,70.6584,10.8465,202
2026-06-25,23.3723,0.0081,69.0471,11.3586,191
2026-06-26,23.9158,0.0096,68.4031,11.3929,196
2026-06-27,23.911,0.0098,68.4241,10.8173,191
2026-06-28,24.0975,0.0088,68.6139,11.1391,202
2026-06-29,23.6468,0.0107,69.6011,11.5638,188
2026-06-30,23.7072,0.0115,68.7846,11.84,195
2026-07-01,23.7025,0.0141,70.4752,11.6243,202
2026-07-02,22.9073,0.0144,73.3333,12.3635,192
2026-07-03,22.9508,0.0139,71.4872,12.3441,195
2026-07-04,22.6159,0.0102,69.8564,11.9056,195
2026-07-05,22.8811,0.0094,69.0263,11.9084,190
2026-07-06,22.8389,0.0127,71.057,12.199,193
2026-07-07,23.0738,0.0108,69.4718,13.1713,195
2026-07-08,23.1222,0.0144,70.9949,13.0616,198
2026-07-09,22.9969,0.0122,70.0677,13.0339,192
2026-07-10,23.3173,0.0115,69.3147,12.0376,197
2026-07-11,23.0195,0.0118,71.25,11.56,200
2026-07-12,23.2335,0.0126,70.8404,11.6559,188
2026-07-13,23.5369,0.0109,71.0718,12.9518,195
2026-07-14,24.0703,0.0099,68.8154,11.9764,195
2026-07-15,24.0218,0.0108,69.3911,12.1614,202
2026-07-16,23.6461,0.0107,70.0262,11.3346,191
2026-07-17,23.7513,0.0098,71.1218,11.7914,197
2026-07-18,23.6918,0.0124,70.4133,11.6526,196
2026-07-19,23.5195,0.0117,69.8895,11.6747,190
2026-07-20,23.5689,0.0136,68.8497,11.2347,193
2026-07-21,23.1025,0.0111,71.2,10.5895,200
2026-07-22,23.0543,0.0118,71.6091,11.034,197
2026-07-23,22.5679,0.0135,71.5285,11.5207,193
2026-07-24,22.6817,0.0112,71.3503,11.3939,197
2026-07-25,22.6077,0.0131,70.7282,11.3441,195
2026-07-26,22.5732,0.0113,69.0421,11.1616,190
2026-07-27,23.0244,0.0133,68.5026,11.6896,193
2026-07-28,23.2599,0.0131,67.5545,12.0564,202
2026-07-29,22.9169,0.0126,68.3949,12.1272,195
2026-07-30,23.0917,0.0113,67.9896,12.2792,192
2026-07-31,23.6487,0.0113,65.7225,12.4984,191
2026-08-01,24.0144,0.0107,65.2129,11.6149,202
2026-08-02,23.2063,0.0098,66.8063,11.7042,191
2026-08-03,23.8422,0.0094,63.8958,11.6302,192
2026-08-04,24.1383,0.0109,64.0306,10.8959,196
2026-08-05,23.5766,0.0121,66.5274,10.5811,201
2026-08-06,23.5679,0.0094,65.6364,11.5615,187
2026-08-07,23.6807,0.0121,65.2822,12.854,202
2026-08-08,23.061,0.0103,67.2513,11.7077,195
2026-08-09,22.9085,0.0116,66.8085,11.9223,188
2026-08-10,23.8462,0.0107,64.1897,12.4621,195
2026-08-11,23.7667,0.0097,64.9897,12.2436,195
2026-08-12,23.4294,0.0093,69.2537,11.2507,201
2026-08-13,23.2545,0.0101,64.5132,11.7947,189
2026-08-14,23.7969,0.0112,63.7538,11.8231,195
2026-08-15,23.6015,0.0121,64.3911,11.8807,202
2026-08-16,22.8037,0.0131,66.2021,11.992,188
2026-08-17,17.5191,0.0139,70.0103,21.7716,194
2026-08-18,22.6191,0.0154,67.5176,11.2809,199
2026-08-19,22.6323,0.0104,67.9646,11.6803,198
2026-08-20,22.4387,0.0123,68.5236,11.8209,191
2026-08-21,22.6678,0.0101,68.6533,11.7266,199
2026-08-22,22.2026,0.0106,68.9897,12.0138,195
2026-08-23,22.2367,0.016,67.4628,12.3941,188
2026-08-24,22.605,0.0123,66.1357,12.2276,199
2026-08-25,23.0121,0.0088,65.6316,11.5763,190
